[
  {
    "nombre": "Memoria 1",
    "descripcion": "Memoria RAM Kingston 123GB",
    "codigo": "12",
    "foto": "https://www.qloud.ar/SITES/ryr/fotos/20732-0.jpg",
    "precio": 1,
    "stock": 1,
    "id": "1",
    "timestamp": ""
  },
  {
    "nombre": "Memoria 2",
    "descripcion": "Memoria RAM Kingston 1234GB",
    "codigo": "123",
    "foto": "https://www.qloud.ar/SITES/ryr/fotos/20732-0.jpg",
    "precio": 50,
    "stock": 10,
    "id": "2",
    "timestamp": "07/10/2022 23:45:56"
  },
  {
    "nombre": "Memoria 3",
    "descripcion": "Memoria RAM Kingston 12345GB",
    "codigo": "123",
    "foto": "https://www.qloud.ar/SITES/ryr/fotos/20732-0.jpg",
    "precio": 50,
    "stock": 10,
    "id": "3",
    "timestamp": "07/10/2022 23:45:56"
  },
  {
    "nombre": "Memoria 4",
    "descripcion": "Memoria RAM Kingston 8GB",
    "codigo": "123",
    "foto": "https://www.qloud.ar/SITES/ryr/fotos/20732-0.jpg",
    "precio": 50,
    "stock": 10,
    "id": "4",
    "timestamp": "07/10/2022 23:45:56"
  },
  {
    "nombre": "Test",
    "descripcion": "Memoria RAM Kingston 8GB",
    "codigo": "asd",
    "foto": "https://http2.mlstatic.com/D_NQ_NP_987686-MLA41789384108_052020-O.webp",
    "precio": "123",
    "stock": "123",
    "id": "3d96c532-26d4-4cf5-8df3-045105331273",
    "timestamp": "08/10/2022 21:22:33"
  }
]