{
	"info": {
		"_postman_id": "1b5c4658-c3af-4914-a881-7827f35faceb",
		"name": "Primera PreEntrega",
		"schema": "https://schema.getpostman.com/json/collection/v2.1.0/collection.json",
		"_exporter_id": "23312720"
	},
	"item": [
		{
			"name": "PRODUCTOS",
			"item": [
				{
					"name": "GET 127.0.0.1:8080/api/productos/",
					"request": {
						"method": "GET",
						"header": [],
						"url": {
							"raw": "127.0.0.1:8080/api/productos/",
							"host": [
								"127",
								"0",
								"0",
								"1"
							],
							"port": "8080",
							"path": [
								"api",
								"productos",
								""
							]
						}
					},
					"response": []
				},
				{
					"name": "POST 127.0.0.1:8080/api/productos/",
					"request": {
						"method": "POST",
						"header": [],
						"body": {
							"mode": "raw",
							"raw": "{\r\n\"nombre\": \"Memoria\",\r\n\"descripcion\": \"Memoria RAM Kingston 16GB\",\r\n\"codigo\": \"123\",\r\n\"foto\": \"https://www.qloud.ar/SITES/ryr/fotos/20732-0.jpg\",\r\n\"precio\": 50,\r\n\"stock\": 10\r\n}",
							"options": {
								"raw": {
									"language": "json"
								}
							}
						},
						"url": {
							"raw": "127.0.0.1:8080/api/productos/",
							"host": [
								"127",
								"0",
								"0",
								"1"
							],
							"port": "8080",
							"path": [
								"api",
								"productos",
								""
							]
						}
					},
					"response": []
				},
				{
					"name": "PUT 127.0.0.1:8080/api/productos/2",
					"request": {
						"method": "PUT",
						"header": [],
						"body": {
							"mode": "raw",
							"raw": "{\r\n    \"descripcion\": \"Memoria RAM Kingston 8GB\"\r\n}",
							"options": {
								"raw": {
									"language": "json"
								}
							}
						},
						"url": {
							"raw": "127.0.0.1:8080/api/productos/2",
							"host": [
								"127",
								"0",
								"0",
								"1"
							],
							"port": "8080",
							"path": [
								"api",
								"productos",
								"2"
							]
						}
					},
					"response": []
				},
				{
					"name": "DELETE 127.0.0.1:8080/api/productos/4",
					"request": {
						"method": "DELETE",
						"header": [],
						"url": {
							"raw": "127.0.0.1:8080/api/productos/4",
							"host": [
								"127",
								"0",
								"0",
								"1"
							],
							"port": "8080",
							"path": [
								"api",
								"productos",
								"4"
							]
						}
					},
					"response": []
				}
			]
		},
		{
			"name": "CARRITO",
			"item": [
				{
					"name": "127.0.0.1:8080/api/carrito/",
					"request": {
						"method": "POST",
						"header": [],
						"body": {
							"mode": "raw",
							"raw": "    {\r\n        \"id\": \"1\",\r\n        \"timestamp\": \"\",\r\n        \"productos\": [\r\n            {\r\n                \"id\": \"100\",\r\n                \"timestamp\": \"\",\r\n                \"nombre\": \"\",\r\n                \"descripcion\": \"\",\r\n                \"codigo\": \"\",\r\n                \"foto\": \"\",\r\n                \"precio\": 1,\r\n                \"stock\": 1\r\n            },{\r\n                \"id\": \"101\",\r\n                \"timestamp\": \"\",\r\n                \"nombre\": \"\",\r\n                \"descripcion\": \"\",\r\n                \"codigo\": \"\",\r\n                \"foto\": \"\",\r\n                \"precio\": 20,\r\n                \"stock\": 12\r\n            },{\r\n                \"id\": \"103\",\r\n                \"timestamp\": \"\",\r\n                \"nombre\": \"\",\r\n                \"descripcion\": \"\",\r\n                \"codigo\": \"\",\r\n                \"foto\": \"\",\r\n                \"precio\": 30,\r\n                \"stock\": 31\r\n            }\r\n        ]\r\n    }",
							"options": {
								"raw": {
									"language": "json"
								}
							}
						},
						"url": {
							"raw": "127.0.0.1:8080/api/carrito/",
							"host": [
								"127",
								"0",
								"0",
								"1"
							],
							"port": "8080",
							"path": [
								"api",
								"carrito",
								""
							]
						}
					},
					"response": []
				},
				{
					"name": "127.0.0.1:8080/api/carrito/3",
					"request": {
						"method": "DELETE",
						"header": [],
						"url": {
							"raw": "127.0.0.1:8080/api/carrito/3",
							"host": [
								"127",
								"0",
								"0",
								"1"
							],
							"port": "8080",
							"path": [
								"api",
								"carrito",
								"3"
							]
						}
					},
					"response": []
				},
				{
					"name": "GET 127.0.0.1:8080/api/carrito/:ID/productos",
					"request": {
						"method": "GET",
						"header": [],
						"url": {
							"raw": "127.0.0.1:8080/api/carrito/1/productos",
							"host": [
								"127",
								"0",
								"0",
								"1"
							],
							"port": "8080",
							"path": [
								"api",
								"carrito",
								"1",
								"productos"
							]
						}
					},
					"response": []
				},
				{
					"name": "127.0.0.1:8080/api/carrito/2/productos",
					"request": {
						"method": "POST",
						"header": [],
						"body": {
							"mode": "raw",
							"raw": "{\r\n    \"nombre\": \"Producto de prueba\",\r\n    \"descripcion\": \"Acá va la descripcion del Producto\",\r\n    \"codigo\": \"132333132\",\r\n    \"foto\": \"\",\r\n    \"precio\": 21,\r\n    \"stock\": 21\r\n}",
							"options": {
								"raw": {
									"language": "json"
								}
							}
						},
						"url": {
							"raw": "127.0.0.1:8080/api/carrito/2/productos",
							"host": [
								"127",
								"0",
								"0",
								"1"
							],
							"port": "8080",
							"path": [
								"api",
								"carrito",
								"2",
								"productos"
							]
						}
					},
					"response": []
				},
				{
					"name": "127.0.0.1:8080/api/carrito/4/productos/:ID",
					"request": {
						"method": "DELETE",
						"header": [],
						"url": {
							"raw": "127.0.0.1:8080/api/carrito/4/productos/100",
							"host": [
								"127",
								"0",
								"0",
								"1"
							],
							"port": "8080",
							"path": [
								"api",
								"carrito",
								"4",
								"productos",
								"100"
							]
						}
					},
					"response": []
				}
			]
		}
	]
}